User,ETH-USDT,ETH-USDC,ETH-DAI,ETH-UST,ETH-BUSD,BSC-USDT,BSC-USDC,BSC-DAI,BSC-BUSD,Total
0x000f4432a40560bbff1b581a8b7aded8dab80026,0,35000,0,0,0,0,0,0,0,35000
0xd96c43e4d06fefb4641f89c0742893814b7f4560,0,35000,0,0,0,0,0,0,0,35000
0x72cf8c26bd2955b379eee6b0adc016671c2778c7,20000,0,0,0,0,0,0,0,0,20000
0x23e9fd8572e5ad4651c0a0a5436d872810dfaf02,2500,0,0,0,0,0,0,0,0,2500
0xc8d46eb7881975f9ae15216feeba2ff58e55803c,0,3600,0,0,0,0,0,0,0,3600
0xc428a5eec605fda02af8083ad1928b669b81957c,20000,0,0,0,0,0,0,0,0,20000
0x857456e6abfbab1160f454efb552035acd2228f0,9000,0,0,0,0,0,0,0,0,9000
0xefb10e5ce5bf77e58ef80e01e2401b66d5a73c2f,0,9000,0,0,0,0,0,0,0,9000
0x9152738aa11b9989fcb368f79456e885d5074765,10900,0,0,0,0,0,0,0,0,10900
0x04c4a90801d1ef5ae8576a0a5bdd8eeab362a644,7000,0,0,0,0,0,0,0,0,7000
0x007e363726dfe9491bb48a2c0b91aa1f1d9b43a9,11000,0,0,0,0,0,0,0,0,11000
0x8f7fb41c02674b19307d35f1429440ff1d040e37,0,1000,0,0,0,0,0,0,0,1000
0x46a08fabb499f299c82bb2e55284c24c0864e34d,0,1007.941671,0,0,0,0,0,0,0,1007.941671
0x52adff5059a18fd2f8f73f64fa1ac9cfa03cb082,1350,0,0,0,0,0,0,0,0,1350
0xfa4dbd193a8970cb04cfe7f169a1429b6946db30,35000,0,0,0,0,0,0,0,0,35000
0xa1c7bd2e48f7f3922e201705f3491c841135f483,0,3000,0,0,0,0,0,0,0,3000
0x96dc89dbe84970ee42a2f0b35fb50599e6745ff8,0,1000,0,0,0,0,0,0,0,1000
0x1c24525bf878ea9d2ab7f07d9b08fb38b99de470,0,33146.7029,0,0,0,0,0,0,0,33146.7029
0xae6902fd6f62d7b0963c726636f7102ae870d3e5,6800,0,0,0,0,0,0,0,0,6800
0xc62785b58724d744b843e479d76d47897e61ca7e,11000,0,0,0,0,0,0,0,0,11000
0x4a32a2a2640abad3d4fe15100afc625355733077,10000,0,0,0,0,0,0,0,0,10000
0xd69fbb86e509350c1f58813c821df30fefa7c79f,9200,0,0,0,0,0,0,0,0,9200
0xe60f9122209c8d3490d6feea908c093ae0d0e93c,0,1000,0,0,0,0,0,0,0,1000
0x17cfba9989489967663353c778bc266f482e291c,0,0,15901.64255,0,0,0,0,0,0,15901.64255
0x3db6119a8667624bad084e51cdf3577eb26415f9,900,0,0,0,0,0,0,0,0,900
0xf0345a3a968f247eb47ba98dfd75fb20e72f4cf7,0,2400,0,0,0,0,0,0,0,2400
0xc074e6fe27459284664ae7bf64f927a834fac40e,0,35000,0,0,0,0,0,0,0,35000
0x0ade5827980db98bbd945171723f3fdec9dd03fc,0,30000,0,0,0,0,0,0,0,30000
0xdae6ca75bb2afd213e5887513d8b1789122eaaea,8000,0,0,0,0,0,0,0,0,8000
0xed2c2cdec695be3a4dc421c1a8a6756dc5a927b6,30000,0,0,0,0,0,0,0,0,30000
0x2993e1d02b11377f44455aedc618c705acbb0591,5000,0,0,0,0,0,0,0,0,5000
0x50693e63a0abb825b1ba99564954d45b6e45a632,5000,0,0,0,0,0,0,0,0,5000
0xf4d6635a15f79d00700db4d8a40cc7baa655563d,0,2000,0,0,0,0,0,0,0,2000
0xfb7d0a2a0041e67891f5e3f61288b6fe10c4cf57,0,9000,0,0,0,0,0,0,0,9000
0xbde901046e67708c571cffa4af722ba6993f2cf2,0,7400,0,0,0,0,0,0,0,7400
0xa383edd2e2f979da5a7f7b3d794fd4aa9c40e52a,3324.062447,0,0,0,0,0,0,0,0,3324.062447
0xcc49a6d063ba72929600d1ed60d863a540b2565a,0,0,5600,0,0,0,0,0,0,5600
0x5c9dbb8949175b1d1ad8cb96d5c2d9074378c653,0,2419.042229,0,0,0,0,0,0,0,2419.042229
0x8e883fb3724150623e6b0b18300ebf3dca256261,34980,0,0,0,0,0,0,0,0,34980
0x34e2cb7513a50b19f450a067ed5230a86c13a2e9,35000,0,0,0,0,0,0,0,0,35000
0x429a635ed4daf9529c07d5406d466b349ec34361,0,1000,0,0,0,0,0,0,0,1000
0xd0cf3720c49d2d280479d2bfa11dc1fac9e57b32,0,5456.356392,0,0,0,0,0,0,0,5456.356392
0xac4a1c8c3633d1ac61b976236d33d781775cad17,1100,0,0,0,0,0,0,0,0,1100
0xae770616364a7a2d91a987db1ac11be21e3473e3,0,10000,0,0,0,0,0,0,0,10000
0xa94a194cbce345ed664952420ddb4ded6c47904b,13200,0,0,0,0,0,0,0,0,13200
0x4d928359e8556197f161f4927a928dfde9c3d1a8,0,35000,0,0,0,0,0,0,0,35000
0xbea645da9c7f6de1f7e287759ccbfd5ab9f57c08,0,10000,0,0,0,0,0,0,0,10000
0x77c2da8140693996be6bc72776cb1f04a77a4e68,1497.274229,0,0,0,0,0,0,0,0,1497.274229
0x14e1442a50085df5953d5c1b5b7c58102e6eb04d,0,0,5039.940431,0,0,0,0,0,0,5039.940431
0xe8300fbfe3f0e6182cb797a1f9b4e6bb65961aa8,35000,0,0,0,0,0,0,0,0,35000
0x1563547dd0c62a802779bf55af1184e65bb1a6e5,0,35000,0,0,0,0,0,0,0,35000
0xf7476db5b717ac661c027e684456115ab1e728c3,0,35000,0,0,0,0,0,0,0,35000
0xe3d85d7d504f57b48f0b32d9294c38803cf0b33e,35000,0,0,0,0,0,0,0,0,35000
0x6061205c7ada4fb1ef98bebf4adb04abf97ba051,0,0,10000,0,0,0,0,0,0,10000
0x32f42b0023c0791db512e08698ddd9a054b7bb8c,0,0,10100,0,0,0,0,0,0,10100
0x876aee1c3ecf7538d45144ed38e13da9c9a877ee,1385,0,0,0,0,0,0,0,0,1385
0xcf8da23f47a4e15489072ba14b20a249cf1bb117,2000,0,0,0,0,0,0,0,0,2000
0xe02d3750e3a4e58e29d531f0b35f924793c4604d,2500,0,0,0,0,0,0,0,0,2500
0x7d91a13332ff2e4d98061a24c96bcd1cf5d31879,0,35000,0,0,0,0,0,0,0,35000
0xd291a13c349ced36fad8a653de6ebe7504f82cb9,35000,0,0,0,0,0,0,0,0,35000
0x36162c7b2d4a94686d74f8c9649769e1733ee42e,35000,0,0,0,0,0,0,0,0,35000
0x4ae3bef80e99960427ba86fd3bcab3028d781c57,0,500,0,0,0,0,0,0,0,500
0xe496145f7f4b3b8d74f243aff65bfaf0f8e84be1,0,2090.88,0,0,0,0,0,0,0,2090.88
0x259f962e77262ee8d97cc6a112d0e0321323ea0d,5000,0,0,0,0,0,0,0,0,5000
0xca3e3ff71782cda9fb5a7f2234287061f141e881,0,35000,0,0,0,0,0,0,0,35000
0x1d9fd785e85959406f1bccbe6fd586157504671b,0,2313.444233,0,0,0,0,0,0,0,2313.444233
0xa49d6b28c426ecc138d96eb5265b494cc3f25b5e,34980,0,0,0,0,0,0,0,0,34980
0x77f6b62a0c9005ab77b1453ed79b7a7321fac092,500,0,0,0,0,0,0,0,0,500
0xe55c69cfd20cfa25651c72b84383de6104104eb4,0,3000,0,0,0,0,0,0,0,3000
0x0e521c4b639bac281e19b23d755fff0bf637804f,0,35000,0,0,0,0,0,0,0,35000
0x18365da7c482be36fc3479f65ef83a750ac080be,0,10759.98477,0,0,0,0,0,0,0,10759.98477
0x16f7183854dbbd1860fbb9af411f8204fa479aea,5000,0,0,0,0,0,0,0,0,5000
0x70b2c29968deb8551c52c80835f6e3f65e992e0b,0,0,23327,0,0,0,0,0,0,23327
0x41e86aae94fa2c6f0376b5db7bfb3d4034b7569b,750,3250,0,0,0,0,0,0,0,4000
0x6ff43aaf435769b056386b4a66d736e2c0d25948,0,1000,0,0,0,0,0,0,0,1000
0xa586f6f73db2421655873b338cb27e94612fe122,7000,0,0,0,0,0,0,0,0,7000
0x5fd50e7600df4264cd059b063279294837a1e592,500,0,0,0,0,0,0,0,0,500
0x891e8ebd0430ab4360b7b74996c2aee650a960d9,35000,0,0,0,0,0,0,0,0,35000
0xbf33df64d595dedbec17eae129562e934f8cf567,0,30000,0,0,0,0,0,0,0,30000
0xac30912060281e1168c929d581f82511739c04ca,0,4000,0,0,0,0,0,0,0,4000
0x49c233d25768e462f0474390f653baf40dd592b2,0,6159.027732,0,0,0,0,0,0,0,6159.027732
0x39889f2cac90aa0342e850428e83debb438a8fbf,8529.0195,0,0,0,0,0,0,0,0,8529.0195
0xa16daf15c672ae4c33009229ba80e108e3fad03f,11500,0,0,0,0,0,0,0,0,11500
0x873760f667a339bd5f8dd9fbefccb14f706cde81,2000,0,0,0,0,0,0,0,0,2000
0xb1078bbc2c7ebda40e3b18b3459355d8d328399c,2380,0,0,0,0,0,0,0,0,2380
0x233dd5f48abf07390fe66d5a05a4e3a392d36dd6,30000,0,0,0,0,0,0,0,0,30000
0xcd79A3d5d32a220f27215e46a579EFd87654F684,35000,0,0,0,0,0,0,0,0,35000
0x7bb9791eb21bcd77bdf700e81ba7529720aff152,0,35000,0,0,0,0,0,0,0,35000
0xc1a8e7a971ba6e4967c0f35614d0f3dcca5b5a6c,2695.17052,0,0,0,0,0,0,0,0,2695.17052
0xef5175bf2513576bd529a2fa3885b744945e473b,1529.06972,0,0,0,0,0,0,0,0,1529.06972
0x7dc445e2b251e82bd45a4401e72cf60b6b4a13ab,2700,0,0,0,0,0,0,0,0,2700
0x2945722fa8a078202e12ea2892ebcff9603b843f,300,0,0,0,0,0,0,0,0,300
0x0dc1f2633d657122d67735d9606e0b29f5523aef,0,18000,0,0,0,0,0,0,0,18000
0xca9ba74ee20917211ef646ac51accc287f27538b,0,4000.004,0,0,0,0,0,0,0,4000.004
0x70e983a8303f73cd7af87e91d528b7074dfade6e,1000,0,0,0,0,0,0,0,0,1000
0x11414661e194b8b0d7248e789c1d41332904f2ba,0,2000,0,0,0,2997,0,0,0,4997
0xcb89994d9b998c9badd0f6a24bc6c5a6eb63b5ef,0,2000,0,0,0,0,0,0,0,2000
0x5bee938736df6cb720d54db2dfb1e17786caa318,4400,0,0,0,0,0,0,0,0,4400
0x9e42fd37e21c0ed235fa31d2f49a7fbdea961f5c,0,15000,0,0,0,0,0,0,0,15000
0x7553fa99ab1f429551eec660708c08e14e30584f,0,1490,0,0,0,0,0,0,0,1490
0x7ae02e3871f38d0ba4a5192d97621ba52083fd06,5000,0,0,0,0,0,0,0,0,5000
0x5b4672cffee5e64a2a7d17c157abdb4edffbe3df,0,10000,0,0,0,0,0,0,0,10000
0x73d38d824fb2a24d1d888da0e582a850cb34343b,0,35000,0,0,0,0,0,0,0,35000
0xcd21ca9b5a619241084dcad1524c601f094b9a29,1000,0,0,0,0,0,0,0,0,1000
0xb7c27070cdeef709637888456d4f0b3fa8f56506,0,621.734278,0,0,0,0,0,0,0,621.734278
0x4426863132ca102a9306c0e6702d57e7ef3d02bc,1500,0,0,0,0,0,0,0,0,1500
0xcd18d82f8583a5c37d7c76529c727d3bda5bef73,3000,0,0,0,0,0,0,0,0,3000
0xb42cd7ca17420a2289765a5c05a5c272fa9a5a4a,10000,0,0,0,0,0,0,0,0,10000
0x410fa508191b7eaD5fb187ad16De0AFb579F095F,2019,0,0,0,0,0,0,0,0,2019
0x79463163bef8433d5f0808d6377d01e9b466a857,0,0,0,0,0,0,0,0,1007.084089,1007.084089
0xf3f93fabd88065c98a88f8c229085ce7d800e317,0,0,0,0,0,0,0,0,2376.456915,2376.456915
0x92228ffb485fe39e5479837e0697829504527fdf,0,0,0,0,0,0,0,0,35000,35000
0x861964c8d472c515ed5e6df87fd6e99a5d30630a,0,0,0,0,0,0,0,0,5000,5000
0x3a0f6a8161439e9c11380f5ee4f76ea7f5f8fa8d,0,0,0,0,0,0,0,0,3000,3000
0x95b92259aadad128010b010622c65eef5407de78,0,0,0,0,0,0,0,0,35000,35000
0xa35b52835dc644444881dd51563d13ad987c148c,0,0,0,0,0,0,0,0,34000,34000
0xe5fcfca8519154ad9d73893e381db99fcafbf5af,0,0,0,0,0,0,0,0,1005,1005
0xe52776d36ef023e1f38b22d35aee64b4facfa6ec,0,0,0,0,0,0,0,0,426.5018112,426.5018112
0xf8c58f181c006bdb48be90eb1dfd5547f335d673,0,0,0,0,0,0,0,0,35000,35000
0x0ba929ad11d9f2f32a10a21e7420db550460d79f,0,0,0,0,0,0,0,0,35000,35000
0xfff5dd8457e7155099a5c396117b9f0daf4cfcfc,0,0,0,0,0,0,0,0,8925,8925
0xc105a696ecc97ab7d6655bf0e16d03f8ba9fb536,0,0,0,0,0,0,35000,0,0,35000
0x461e76a4fe9f27605d4097a646837c32f1ccc31c,0,0,0,0,0,0,0,0,35000,35000
0xd9d3b5a95c483e847fbbaa4aeb49e48c20b13a70,0,0,0,0,0,0,0,0,35000,35000
0xdb687064091b8d2df1a02273411a03b707e20003,0,0,0,0,0,0,0,0,33000,33000
0xb42573ddb86b68429c8f791ed0f2b79d2ca95588,0,0,0,0,0,0,0,0,10029.75806,10029.75806
0xde499cc69295e266dca857ab4df0bc6a22a99142,0,0,0,0,0,0,0,0,140,140
0x4dd0c23a0109d4d8a49487fa0d4ddf16b461339e,0,0,0,0,0,0,0,0,1200,1200
0xc32b7438b3df7844c9ee799930a2224fe6e26426,0,0,0,0,0,0,0,0,100,100
0xf01d9114b780154b08b1515d7fa2808fdb691495,0,0,0,0,0,0,1500.395581,0,0,1500.395581
0x50e154ad82b3d9bfcfba58e4a6f45438e1f69cda,0,0,0,0,0,0,0,0,5500,5500
0x38385e3727c916dc7e9b9c260629890b350fe95c,0,0,0,0,0,0,0,0,51.73438383,51.73438383
0x8950d9117c136b29a9b1ae8cd38db72226404243,0,0,0,0,0,0,0,0,5000,5000
0x49aa38d247109cb47afd958ab169eaa5e07dff69,0,0,0,0,0,0,0,0,35000,35000
0x3e1d9cee8706b758a856967e10177f716b3d8bd4,0,0,0,0,0,0,0,0,35000,35000
0x69faa59e22242667bdfa03c6aabee7cb6a57666c,0,0,0,0,0,0,0,0,2000,2000
0x51f4e96abf315ec7597cb56d89637455ebf60f4e,0,0,0,0,0,10000,0,0,0,10000
0x7a31d4c5f51f6ea88139c5604c21cf3a471f4b23,0,0,0,0,0,0,0,0,1530,1530
0x4505a65788780bc649fdfd6ce6de3ea225711f8c,0,0,0,0,0,0,20000,0,0,20000
0x37f4866ac041db47fc73848aa24288cd64c754d8,0,0,0,0,0,0,0,0,35000,35000
0x8ee611b59fae06e678e4e689805ba492b9017411,0,0,0,0,0,3000,0,0,0,3000
0x502a47e029941d4d1bdf318e36705d53e5c5606a,0,0,0,0,0,8000,0,0,2000,10000
0x443eb1f18cf8fd345df376078c72e00b27e3f6a3,0,0,0,0,0,308.2823917,127.9359529,0,0,436.2183446
0x882c34e0a3405f713581b8c8c9650f3cc28df488,0,0,0,0,0,0,0,0,15000,15000
0x7c0a38c7da759af8144a7fc649e1a9baf3bea389,0,0,0,0,0,0,0,0,35000,35000
0xa51fa51788de0bc5b534ab4cba23f0329ec5512c,0,0,0,0,0,0,0,0,16042.14565,16042.14565
0x98313dd41b1ca9b3ff4f78fcfebd9fc8f7ee64cc,0,0,0,0,0,0,0,0,35000,35000
0x2d79bae98e74a263bdb3e7e2938ffaeb92f9777e,0,0,0,0,0,0,0,0,2500,2500
0xf596f9420234ad8ad4486518113680fbf4054420,0,0,0,0,0,0,0,0,600,600
0xc05bc25eaa52a23476e113b9a139a66e7473b364,0,0,0,0,0,0,0,0,35000,35000
0xef2c9934468e01a706416bb7f0f2ed14308bb008,0,0,0,0,0,0,0,0,35000,35000
0x7aa69b5ee49c4d3170e037960ca6c83f61241395,0,0,0,0,0,0,0,0,6000,6000
0xe0b27124a91b745df258c981682cb7bfc26d9ba5,0,0,0,0,0,0,0,0,1020,1020
0xd644c1b56c3f8faa7beb446c93da2f190bfaed9b,0,0,0,0,0,0,0,0,2000,2000
0xC0a49b59c986AaFa1fBc1d0B6A5C9372BF14B8C2,0,0,0,0,0,13817.85763,0,0,0,13817.85763
0xe906208eca902575cf5c037ff235d1a576cf5a5f,0,0,0,0,0,0,0,0,4000,4000
0x698e95a33b3543ea145cd0714bc95d37a5366ee6,0,0,0,0,0,0,0,0,35000,35000
0xd03e468003e45cc30158d6c9eca2bb0f83558e04,0,0,0,0,0,0,0,35000,0,35000
0x32cbd4cb8147ae61401626caebcf193166ca057f,0,0,0,0,0,2000,0,0,0,2000
0x6dcb6d2df8ec2f78b54529b866405cceb11308c8,0,0,0,0,0,0,0,0,1500,1500
0xce0f86356a8d9c03e7e5b23f50987b593a97c5e3,0,0,0,0,0,0,0,0,2006,2006
0x5ff4d13db6f02ab0b3863d426b7442b8741d5ac6,0,0,0,0,0,0,0,0,9509,9509
0x7243b40a58b5ed29613b62375d547816ca1352db,0,0,0,0,0,0,0,0,19999.9,19999.9
0x322e128453efd91a4c131761d9d535ff6e0ccd90,0,0,0,0,0,0,0,0,6000,6000
0xb21386651c0857992fec0a9040cb036acc141778,0,0,0,0,0,0,0,0,1014.067239,1014.067239
0x4d70579881b59f375db38caee3a227101ff64fc6,0,0,0,0,0,0,0,0,10000,10000
0x614971bfe55692c315344008b0b7e0d35d586f19,0,0,0,0,0,0,0,0,200,200
0xc1165124be8dc53a3826a1aa1b6643e9138d167c,0,0,0,0,0,0,0,0,35000,35000
0x9f5141e8715c6691e75188bda726df54c14721e4,0,0,0,0,0,0,0,0,6000,6000
0x04f62e859bc27e82a59d8db62929d516ad01103b,0,0,0,0,0,35000,0,0,0,35000
0x29f0ebfb14e46128a0df60c760b1e42c8e35549a,0,0,0,0,0,0,0,0,400,400
0x0e14a38a1ead8554b15284a43c803b8c53d28804,0,0,0,0,0,0,0,0,2500,2500
0xb290fd44a628a21fccbf6347668d80de4177da42,0,0,0,0,0,0,0,0,3253.41772,3253.41772
0xf6f2aa1b475630f5591f59d3c9b66d36d864146e,0,0,0,0,0,0,0,0,20167.1234,20167.1234
0xe88f42474046183f2367066cd940e74ded8085fe,0,0,0,0,0,0,0,0,1600,1600
0x07ecc4e90151e7cf11fff6d88895ef769093267e,0,0,0,0,0,0,0,0,3000,3000
0x5eeea333e4d3a09b8885020c8abdaea2da565f16,0,0,0,0,0,0,0,0,1500,1500
0xd56ee5ba5a52e15f309108bdd6247c69b4f624c2,0,0,0,0,0,0,0,0,3008.770054,3008.770054
0x0d141b70fdfa883a7ba5fb987f563e63e21358ff,0,0,0,0,0,6039.2,0,0,0,6039.2
0x484d6e8df635febcc0e673f6fb2d362d1f5522d3,0,0,0,0,0,0,0,0,896.0728109,896.0728109
0x0000ce08fa224696a819877070bf378e8b131acf,0,0,0,0,0,0,0,0,1800,1800
0xec2064c50741c2090ed18c37fed3a16d72bc133e,0,0,0,0,0,0,0,0,6000,6000
0x117706a09dafa1898f6829371593031c748c0d32,0,0,0,0,0,0,0,0,11375,11375
0xc4ed448e7d7bdd954e943954459017be63584f69,0,0,0,0,0,0,0,0,20000,20000
0xd677a5b67457658a3e0afd8e1b31b58e38fefaf9,0,0,0,0,0,0,300.0613326,0,0,300.0613326
0x813074b9a3c964c51ac66b841c2577a3ce1062f6,0,0,0,0,0,0,0,0,500,500
0xadfaf3440bab6e427a3103220a7eefcaa3624c38,0,0,0,0,0,1089,0,0,0,1089
0x61177e963eacbcd4043e87e60f6f8bfa68d331d5,0,0,0,0,0,0,0,0,4000,4000
0x10c38452b23c94f9528ce3527bd0a73d845d0ce9,0,0,0,0,0,0,0,0,500,500
0x50133b081468c03ad6abffecfce3509e734c897b,0,0,0,0,0,0,0,0,8000,8000
0x1a3d06df3d3dc35e4fc154a10a108f8379721fae,0,0,0,0,0,0,35000,0,0,35000
0x311c8a4d519f27b96bbda8d5744fed2274595f7f,0,0,0,0,0,0,0,0,5000,5000
0x2107d9b498635001c6178e8ec508864d348a7411,0,0,0,0,0,0,0,0,150,150
0x90f080ae4218a4c088bbf00a74af9850d1773366,0,0,0,0,0,0,0,0,400,400
0xd8a943bea4c738c0c9909becaf0210e7dd2ecaab,0,0,0,0,0,0,0,0,159,159
0x203852c828085dfa7f9cedc640a9e2d49624b5ff,0,0,0,0,0,0,0,0,9999,9999
0x58901db470b92c9e6bf25cca25bab50d90733877,0,0,0,0,0,0,0,0,35000,35000
0xf44f714bcf234ec7b93f536d985edcf957c79599,0,0,0,0,0,0,0,0,2000,2000
0x9764e33e6593149f2ddbf2dbdf5148d56e1f1c00,0,0,0,0,0,3033.377443,0,0,0,3033.377443
0x0b74821fc8b5dfdf52e6901f3791b4d81f52043b,0,0,0,0,0,0,1000,0,0,1000
0x23e01e05aa1376fa3ac83c954816b967a7302891,0,0,0,0,0,35000,0,0,0,35000
0x1d597b87f8adf5d1944a7df6254dfe97010c3199,0,0,0,0,0,5000,0,0,0,5000
0xbe18f84532d8f7fb6d7919401c0096f3e257db8b,0,0,0,0,0,34999,0,0,0,34999
0xfd134739126c0065fe6f6cbe13f4637502d00b64,0,0,0,0,0,0,0,0,300,300
0x7323a8e92d77f824eb8440e0fde2fedaa84f9abc,0,0,0,0,0,0,0,0,6000,6000
0xd514deb26470b804e621d42cbf28370411aaf941,0,0,0,0,0,0,0,0,120,120
0x8750b871eb0dc258d6a0be6823273192827e34ac,0,0,0,0,0,0,12718,0,0,12718
0x2459ab5ca1a46b314c70a1ec52ec029221bc842d,0,0,0,0,0,0,0,0,110,110
0xb78faab3fc6ab3691aaddf94847ca53481e6410e,0,0,0,0,0,0,0,0,2000,2000
0x483d3a6d42362e6fe25796c4264a304712bee1ac,0,0,0,0,0,0,0,0,230,230
0xafcde02c4136c792ff12f23178a09537bcb2106c,0,0,0,0,0,0,0,0,20100,20100
0x75f24d6af0409a10e9b254a067be62885fb28932,0,0,0,0,0,0,0,0,4683.154498,4683.154498
0x6217ddd12de52a15b204594a596f20c6f717b6db,0,0,0,0,0,0,0,0,1500,1500
0x9a0e30951a916ef100b11b2e93ef0b7552d61adb,0,0,0,0,0,0,0,0,15000,15000
0xbb1191453089281e65fd33b2f590d39278f03ca8,0,0,0,0,0,0,0,0,35000,35000
0xfd3c69d20bdd34c8d9cab6892d27a6e0f04e07d2,0,0,0,0,0,0,6017.35782,0,0,6017.35782
0x633c2ece13b33502d6cfb8d054821625600c7bc6,0,0,0,0,0,0,0,0,5000,5000
0x13b3a50f3947476eda74fe191344524e2d2d28e5,0,0,0,0,0,0,32000,0,0,32000
0xf7ea32b64d2c156771a9878d3e33e125880a15be,0,0,0,0,0,0,0,0,100,100
0x5ae5e5278ce81a34b1fdfb737f7a6adaf8d110c4,0,0,0,0,0,0,0,0,5000,5000
0x13584b7bd2e9fd5a6103b77ddafc39d63a515d92,0,0,0,0,0,0,0,0,1000,1000
0x96987e7ce0b759d935abd603c46e927d754eaf7c,0,0,0,0,0,0,0,0,2400,2400
0x0aa350fb487f75d4f5d6ed920a5ae0923ded06e1,0,0,0,0,0,11540.01505,0,0,1550,13090.01505
0xdce42e8fee64d2f6808f1143cabc3b6fc4aff9b6,0,0,0,0,0,0,0,0,4000,4000
0x82e7acb983b3024ea5334912cd573f911210546e,0,0,0,0,0,0,19421.74111,0,0,19421.74111
0xa316004bcd968fea5e14af6d80d3716e0c3db35b,0,0,0,0,0,1452.943237,0,0,0,1452.943237
0xa1d1f0e5370331048ec481e3518fa92206af325c,0,0,0,0,0,1262.808334,0,0,0,1262.808334
0x0f5037ac1bc2526b630a230d6a378ec2f3ac6ea5,0,0,0,0,0,0,0,0,5000,5000
0x403b5541444d92af832427dbadaf4d889bc4537e,0,0,0,0,0,0,0,0,35000,35000
0x7e525150df8a1f9e8dbb9ff0519ad1f80ad60d7a,0,0,0,0,0,0,0,0,35000,35000
0x3ee6cc62f2d894552e87d25aad15bce090f00305,0,0,0,0,0,0,0,0,35000,35000
0x13b41f81a71d7adb19a971b58501eff3048f3070,0,0,0,0,0,0,0,0,3420.444002,3420.444002
0x35f34185f753d5fef739d46dba7a26b2bd88c83d,0,0,0,0,0,0,3099.2,0,0,3099.2
0xa1a1f4d22379b55e42b48c4aa6108e7572dd1586,0,0,0,0,0,0,100,0,0,100
0x0a9ce4ae04d04a54af3949d356b6d6d7a6438f02,0,0,0,0,0,0,0,1200,0,1200
0x4b78e19f34bdb0b2ae16ad9888ae1e3ca5998d2c,0,0,0,0,0,0,0,0,35000,35000
0x18f60f7292e699f09416135ea429803af62ef028,0,0,0,0,0,18.4,0,0,300,318.4
0x592d3eac1f241e9cecc38c3e161ff40a67ee3632,0,0,0,0,0,0,0,0,1320,1320
0x385b0f514eb52f37b25c01eeb1f777513c839d46,0,0,0,0,0,0,0,0,1200,1200
0xba2dc20329b21370b91e1306b1c0b4c0ff9adbd5,0,0,0,0,0,0,1500,0,0,1500
0xc470957d51e5ab8cff752636ff81a2328ebef636,0,0,0,0,0,0,0,0,355.4298924,355.4298924
0xd941ae5e27d43f9ad465f3075449478682d67e0a,0,0,0,0,0,0,0,0,1000,1000
0x4bf6d7f75be02a4ff401f9a5d71049089a2dfc9f,0,0,0,0,0,0,0,0,10126.3856,10126.3856
0xd6284e716a857f13fc1b5920a5afd3e892d85567,0,0,0,0,0,0,0,9758.005893,0,9758.005893
0x0cdcce08983407fbb883c6c05a65b4ba062741cd,0,0,0,0,0,0,0,0,800,800
0xd88d426d741ea3276d922825b03d6837be374d2f,0,0,0,0,0,0,0,0,35000,35000
0x1f3e482087bc4e03116b78b79c55e44d2b612ebe,0,0,0,0,0,5000,0,0,0,5000
0x92ad4227d8e68da513da0933239af6d089d4daae,0,0,0,0,0,1333.605136,0,0,0,1333.605136
0xa52fb91a60bf7987dd527122ce68ba0e64737b03,0,0,0,0,0,0,0,0,1088,1088
0x728ecca856052fdfdf8b94d5755551f606bfd13a,0,0,0,0,0,0,0,0,35000,35000
0x673a5b12ef7dd9738448e1c67994647f09f95a54,0,0,0,0,0,0,0,0,1270,1270
0x2c82a8e3973091ac5f63cef7616ca163d4b9916c,0,0,0,0,0,0,0,0,5800,5800
0x2a231e4308c07cc69d5c4467fbe6a18b2fa6ef93,0,0,0,0,0,0,0,0,1000,1000
0x980bbdaf8db489a8f501c55360040e44574953a2,0,0,0,0,0,0,0,0,102.7243569,102.7243569
0xebb8f70d40d62864eab334c66bb5b88ce558054f,0,0,0,0,0,0,3000,0,0,3000
0xd3f01d352aa3185f45929c20ca98dd5074be626a,0,0,0,0,0,0,0,0,35000,35000
0xb1bea90cf6edc9ad6f7449e22a74e3f19229e14f,0,0,0,0,0,0,0,0,20,20
0x67f8334326ff6ccd757fbbb942b51421d71f4310,0,0,0,0,0,0,0,0,2100,2100
0x881f33f8ef4b215b45aa39ecf83f8ea2462c95e4,0,0,0,0,0,0,0,0,345.8242952,345.8242952
0x62fe66124312eaf3c7dd2b3a975e9ec76ca39ae5,0,0,0,0,0,0,0,0,1000.88167,1000.88167
0xc55aa16698b96a744bfda3406f3343962a453707,0,0,0,0,0,769,0,0,0,769
0xd964ba2ea24552e1fe0541a97c1735c7dcdfbe83,0,0,0,0,0,0,0,0,960,960
0x7634c9784f1223a77bae120e11b59abcd1643a0e,0,0,0,0,0,0,0,0,2000,2000
0x1fbe7279da134c53fa521f5ee65891948e775e17,0,0,0,0,0,0,800,0,0,800
0x90029e5bd5acf5276e0b2be90e1c25b51cb3b6fb,0,0,0,0,0,0,0,0,15000,15000
0xb0d6cb1dbd2b2c8329aa7d9113dc3d768712c639,0,0,0,0,0,1000,0,0,0,1000
0x0bea47f61de168258fed2ded022fa3bd74daff78,0,0,0,0,0,0,0,0,200,200
0xc67c6e8f19eeb70d3fffba95e5ce9de2d163ed31,0,0,0,0,0,0,0,0,7800,7800
0x5c76471347e3702870566f8be31f25fd761de47f,0,0,0,0,0,0,0,0,250,250
0xc15b2336797a5a7f3110453598462fbaf4205ab6,0,0,0,0,0,0,0,0,736.6721799,736.6721799
